???,??,??
????,??,??
???,??,??
????,??,??
???,??,118
?in,??,??
12mini,??,??
??,??,??
??,??,??
???,??,??
???,??,???
???,??,???
??,???,??
??,???,??
????,???,??
???,??,??
???,??,??
Mos Burger,??,??
???,??,??
???,??,??
???,??,??
???,??,??
????,??,??
???,??,118
???,???,??
Miss Energy,???,??
Johnny Brother,???,118
????,??,??
??,??,??
?????,??,??
??,??,118
????,???,??
??,???,??
????,??,??
????,??,??
??,??,??
??,??,??
??,??,??
??,??,??
??,??,??
???,??,??
??,??,??
???,??,??
???,??,??
??,??,??
Sukiya,??,??
Yu Poke,??,??
JJ's Poke,??,??
JJ's Poke,??,118
????,????,??
??,????,??
??,????,??
????,??,118
Home slice pizza,??,118
????,??,??
???,??,??
??,??,??
??,??,??
????,??,??
??????,??,118
?????,??,??
????,??,??
